BEGIN;

INSERT INTO system_menus (
  id, creator_id, editor_id, is_disabled, remark,
  code, name, parent_id, menu_type, route_path, component, icon, permission_code,
  sort, visible, keep_alive, external_link, status, extra_json,
  created_at, updated_at, deleted_at, tenant_id
)
VALUES
  ('01kv7menu000000000000000001', NULL, NULL, FALSE, NULL, 'Dashboard', '仪表盘', NULL, 'menu', '/analytics', '/dashboard/analytics/index', 'carbon:chart-line', 'dashboard:view', 10, TRUE, TRUE, NULL, 'active', NULL, '2026-05-02T21:33:17.033Z', '2026-05-02T21:33:17.033Z', NULL, NULL),
  ('01kv7menu000000000000000002', NULL, NULL, FALSE, NULL, 'Workspace', '工作台', NULL, 'menu', '/workspace', '/dashboard/workspace/index', 'carbon:workspace', 'dashboard:view', 20, TRUE, TRUE, NULL, 'active', NULL, '2026-05-02T21:33:17.033Z', '2026-05-02T21:33:17.033Z', NULL, NULL),
  ('01kv7menu000000000000000003', NULL, NULL, FALSE, NULL, 'Device', '设备管理', NULL, 'catalog', '/device', NULL, 'carbon:device-mobile', NULL, 100, TRUE, FALSE, NULL, 'active', NULL, '2026-05-02T21:33:17.033Z', '2026-05-02T21:33:17.033Z', NULL, NULL),
  ('01kv7menu000000000000000004', NULL, NULL, FALSE, NULL, 'DeviceList', '设备列表', '01kv7menu000000000000000003', 'menu', '/device/list', '/device/list/index', 'carbon:list', 'device:view', 110, TRUE, TRUE, NULL, 'active', NULL, '2026-05-02T21:33:17.033Z', '2026-05-02T21:33:17.033Z', NULL, NULL),
  ('01kv7menu000000000000000005', NULL, NULL, FALSE, NULL, 'DeviceOta', 'OTA管理', '01kv7menu000000000000000003', 'menu', '/device/ota', '/device/ota/list', 'carbon:upgrade', 'device:view', 120, TRUE, TRUE, NULL, 'active', NULL, '2026-05-02T21:33:17.033Z', '2026-05-02T21:33:17.033Z', NULL, NULL),
  ('01kv7menu000000000000000006', NULL, NULL, FALSE, NULL, 'Notification', '通知中心', NULL, 'catalog', '/notification', NULL, 'carbon:notification', NULL, 200, TRUE, FALSE, NULL, 'active', NULL, '2026-05-02T21:33:17.033Z', '2026-05-02T21:33:17.033Z', NULL, NULL),
  ('01kv7menu000000000000000007', NULL, NULL, FALSE, NULL, 'NotificationMessage', '通知消息', '01kv7menu000000000000000006', 'menu', '/notification/message', '/notification/message/list', 'carbon:notification-filled', 'notification.message:read', 210, TRUE, TRUE, NULL, 'active', NULL, '2026-05-02T21:33:17.033Z', '2026-05-02T21:33:17.033Z', NULL, NULL),
  ('01kv7menu000000000000000008', NULL, NULL, FALSE, NULL, 'NotificationTemplate', '通知模板', '01kv7menu000000000000000006', 'menu', '/notification/template', '/notification/template/list', 'carbon:template', 'notification.template:read', 220, TRUE, TRUE, NULL, 'active', NULL, '2026-05-02T21:33:17.033Z', '2026-05-02T21:33:17.033Z', NULL, NULL),
  ('01kv7menu000000000000000009', NULL, NULL, FALSE, NULL, 'NotificationDeviceToken', '设备Token', '01kv7menu000000000000000006', 'menu', '/notification/device-token', '/notification/device-token/list', 'carbon:device-access-code', 'notification.device-token:read', 230, TRUE, TRUE, NULL, 'active', NULL, '2026-05-02T21:33:17.033Z', '2026-05-02T21:33:17.033Z', NULL, NULL),
  ('01kv7menu000000000000000010', NULL, NULL, FALSE, NULL, 'System', '系统管理', NULL, 'catalog', '/system', NULL, 'ion:settings-outline', NULL, 900, TRUE, FALSE, NULL, 'active', NULL, '2026-05-02T21:33:17.033Z', '2026-05-02T21:33:17.033Z', NULL, NULL),
  ('01kv7menu000000000000000011', NULL, NULL, FALSE, NULL, 'SystemUser', '管理员', '01kv7menu000000000000000010', 'menu', '/system/user', '/system/user/list', 'carbon:user-multiple', 'admin-user:view', 910, TRUE, TRUE, NULL, 'active', NULL, '2026-05-02T21:33:17.033Z', '2026-05-02T21:33:17.033Z', NULL, NULL),
  ('01kv7menu000000000000000012', NULL, NULL, FALSE, NULL, 'SystemRole', '角色管理', '01kv7menu000000000000000010', 'menu', '/system/role', '/system/role/list', 'carbon:user-role', 'role:view', 920, TRUE, TRUE, NULL, 'active', NULL, '2026-05-02T21:33:17.033Z', '2026-05-02T21:33:17.033Z', NULL, NULL),
  ('01kv7menu000000000000000013', NULL, NULL, FALSE, NULL, 'SystemDict', '字典管理', '01kv7menu000000000000000010', 'menu', '/system/dict', '/system/dict/list', 'carbon:data-class', 'dictionary:view', 930, TRUE, TRUE, NULL, 'active', NULL, '2026-05-02T21:33:17.033Z', '2026-05-02T21:33:17.033Z', NULL, NULL),
  ('01kv7menu000000000000000014', NULL, NULL, FALSE, NULL, 'SystemConfig', '参数配置', '01kv7menu000000000000000010', 'menu', '/system/config', '/system/config/list', 'carbon:settings-adjust', 'system-config:view', 940, TRUE, TRUE, NULL, 'active', NULL, '2026-05-02T21:33:17.033Z', '2026-05-02T21:33:17.033Z', NULL, NULL),
  ('01kv7menu000000000000000015', NULL, NULL, FALSE, NULL, 'SystemMenu', '菜单管理', '01kv7menu000000000000000010', 'menu', '/system/menu', '/system/menu/list', 'carbon:tree-view', 'role:view', 950, TRUE, TRUE, NULL, 'active', NULL, '2026-05-02T21:33:17.033Z', '2026-05-02T21:33:17.033Z', NULL, NULL),
  ('01kv7menu000000000000000016', NULL, NULL, FALSE, NULL, 'SystemAuditLog', '审计日志', '01kv7menu000000000000000010', 'menu', '/system/audit-logs', '/system/audit-log/list', 'carbon:document-audit', 'audit-log:view', 960, TRUE, TRUE, NULL, 'active', NULL, '2026-05-02T21:33:17.033Z', '2026-05-02T21:33:17.033Z', NULL, NULL)
ON CONFLICT DO NOTHING;

INSERT INTO system_permissions (id, creator_id, editor_id, is_disabled, remark, code, name, group_code, description, created_at, updated_at, deleted_at, tenant_id)
VALUES
  ('01kv7perm000000000000000029', NULL, NULL, FALSE, NULL, 'admin-user:create', '管理员创建', 'system', '创建管理员账号', '2026-05-02T21:33:17.033Z', '2026-05-02T21:33:17.033Z', NULL, NULL),
  ('01kv7perm000000000000000031', NULL, NULL, FALSE, NULL, 'admin-user:disable', '管理员禁用', 'system', '禁用或启用管理员', '2026-05-02T21:33:17.033Z', '2026-05-02T21:33:17.033Z', NULL, NULL),
  ('01kv7perm000000000000000030', NULL, NULL, FALSE, NULL, 'admin-user:update', '管理员编辑', 'system', '更新管理员资料与密码', '2026-05-02T21:33:17.033Z', '2026-05-02T21:33:17.033Z', NULL, NULL),
  ('01kv7perm000000000000000028', NULL, NULL, FALSE, NULL, 'admin-user:view', '管理员查看', 'system', '查看管理员账号', '2026-05-02T21:33:17.033Z', '2026-05-02T21:33:17.033Z', NULL, NULL),
  ('01kv7perm000000000000000036', NULL, NULL, FALSE, NULL, 'audit-log:view', '审计日志查看', 'system', '查看后台审计日志', '2026-05-02T21:33:17.033Z', '2026-05-02T21:33:17.033Z', NULL, NULL),
  ('01kv7perm000000000000000001', NULL, NULL, FALSE, NULL, 'dashboard:view', '仪表盘查看', 'dashboard', '后台首页与汇总看板查看权限', '2026-05-02T21:33:17.033Z', '2026-05-02T21:33:17.033Z', NULL, NULL),
  ('01kv7perm000000000000000038', NULL, NULL, FALSE, NULL, 'device:credential:download', '设备凭据下载', 'device', '下载设备凭据包与私钥', '2026-05-02T21:33:17.065Z', '2026-05-02T21:33:17.065Z', NULL, NULL),
  ('01kv7perm000000000000000037', NULL, NULL, FALSE, NULL, 'device:credential:view', '设备凭据查看', 'device', '查看设备凭据详情信息', '2026-05-02T21:33:17.065Z', '2026-05-02T21:33:17.065Z', NULL, NULL),
  ('01kv7perm000000000000000005', NULL, NULL, FALSE, NULL, 'device:create', '设备创建', 'device', '创建设备记录', '2026-05-02T21:33:17.033Z', '2026-05-02T21:33:17.033Z', NULL, NULL),
  ('01kv7perm000000000000000007', NULL, NULL, FALSE, NULL, 'device:delete', '设备删除', 'device', '删除设备记录', '2026-05-02T21:33:17.033Z', '2026-05-02T21:33:17.033Z', NULL, NULL),
  ('01kv7perm000000000000000008', NULL, NULL, FALSE, NULL, 'device:provision', '设备配网', 'device', '触发设备云端建档与下发凭据', '2026-05-02T21:33:17.033Z', '2026-05-02T21:33:17.033Z', NULL, NULL),
  ('01kv7perm000000000000000009', NULL, NULL, FALSE, NULL, 'device:unbind', '设备解绑', 'device', '执行设备解绑', '2026-05-02T21:33:17.033Z', '2026-05-02T21:33:17.033Z', NULL, NULL),
  ('01kv7perm000000000000000006', NULL, NULL, FALSE, NULL, 'device:update', '设备编辑', 'device', '更新设备状态、绑定与OTA相关操作', '2026-05-02T21:33:17.033Z', '2026-05-02T21:33:17.033Z', NULL, NULL),
  ('01kv7perm000000000000000004', NULL, NULL, FALSE, NULL, 'device:view', '设备查看', 'device', '查看设备列表与详情', '2026-05-02T21:33:17.033Z', '2026-05-02T21:33:17.033Z', NULL, NULL),
  ('01kv7perm000000000000000022', NULL, NULL, FALSE, NULL, 'dictionary:create', '字典创建', 'system', '创建系统字典与字典项', '2026-05-02T21:33:17.033Z', '2026-05-02T21:33:17.033Z', NULL, NULL),
  ('01kv7perm000000000000000024', NULL, NULL, FALSE, NULL, 'dictionary:delete', '字典删除', 'system', '删除系统字典与字典项', '2026-05-02T21:33:17.033Z', '2026-05-02T21:33:17.033Z', NULL, NULL),
  ('01kv7perm000000000000000023', NULL, NULL, FALSE, NULL, 'dictionary:update', '字典编辑', 'system', '更新系统字典与字典项', '2026-05-02T21:33:17.033Z', '2026-05-02T21:33:17.033Z', NULL, NULL),
  ('01kv7perm000000000000000021', NULL, NULL, FALSE, NULL, 'dictionary:view', '字典查看', 'system', '查看系统字典', '2026-05-02T21:33:17.033Z', '2026-05-02T21:33:17.033Z', NULL, NULL),
  ('01kv7perm000000000000000012', NULL, NULL, FALSE, NULL, 'food:create', '食物创建', 'food', '创建食物主数据', '2026-05-02T21:33:17.033Z', '2026-05-02T21:33:17.033Z', NULL, NULL),
  ('01kv7perm000000000000000013', NULL, NULL, FALSE, NULL, 'food:update', '食物编辑', 'food', '更新食物、营养与别名信息', '2026-05-02T21:33:17.033Z', '2026-05-02T21:33:17.033Z', NULL, NULL),
  ('01kv7perm000000000000000011', NULL, NULL, FALSE, NULL, 'food:view', '食物查看', 'food', '查看食物库与营养信息', '2026-05-02T21:33:17.033Z', '2026-05-02T21:33:17.033Z', NULL, NULL),
  ('01kv7perm000000000000000015', NULL, NULL, FALSE, NULL, 'iot-message:view', 'IoT消息查看', 'iot', '查看设备上下行消息', '2026-05-02T21:33:17.033Z', '2026-05-02T21:33:17.033Z', NULL, NULL),
  ('01kv7perm000000000000000010', NULL, NULL, FALSE, NULL, 'meal:view', '餐次查看', 'meal', '查看餐次与明细', '2026-05-02T21:33:17.033Z', '2026-05-02T21:33:17.033Z', NULL, NULL),
  ('01kv7perm000000000000000020', NULL, NULL, FALSE, NULL, 'notification.device-token:read', '设备Token查看', 'notification', '查看推送设备Token', '2026-05-02T21:33:17.033Z', '2026-05-02T21:33:17.033Z', NULL, NULL),
  ('01kv7perm000000000000000016', NULL, NULL, FALSE, NULL, 'notification.message:read', '通知消息查看', 'notification', '查看通知消息列表', '2026-05-02T21:33:17.033Z', '2026-05-02T21:33:17.033Z', NULL, NULL),
  ('01kv7perm000000000000000017', NULL, NULL, FALSE, NULL, 'notification.message:test', '通知消息测试', 'notification', '发送测试通知消息', '2026-05-02T21:33:17.033Z', '2026-05-02T21:33:17.033Z', NULL, NULL),
  ('01kv7perm000000000000000018', NULL, NULL, FALSE, NULL, 'notification.template:read', '通知模板查看', 'notification', '查看通知模板', '2026-05-02T21:33:17.033Z', '2026-05-02T21:33:17.033Z', NULL, NULL),
  ('01kv7perm000000000000000019', NULL, NULL, FALSE, NULL, 'notification.template:update', '通知模板编辑', 'notification', '创建与更新通知模板', '2026-05-02T21:33:17.033Z', '2026-05-02T21:33:17.033Z', NULL, NULL),
  ('01kv7perm000000000000000014', NULL, NULL, FALSE, NULL, 'recognition-log:view', '识别日志查看', 'recognition', '查看食物识别日志', '2026-05-02T21:33:17.033Z', '2026-05-02T21:33:17.033Z', NULL, NULL),
  ('01kv7perm000000000000000033', NULL, NULL, FALSE, NULL, 'role:create', '角色创建', 'system', '创建角色', '2026-05-02T21:33:17.033Z', '2026-05-02T21:33:17.033Z', NULL, NULL),
  ('01kv7perm000000000000000035', NULL, NULL, FALSE, NULL, 'role:permission', '角色授权', 'system', '分配角色权限', '2026-05-02T21:33:17.033Z', '2026-05-02T21:33:17.033Z', NULL, NULL),
  ('01kv7perm000000000000000034', NULL, NULL, FALSE, NULL, 'role:update', '角色编辑', 'system', '更新角色', '2026-05-02T21:33:17.033Z', '2026-05-02T21:33:17.033Z', NULL, NULL),
  ('01kv7perm000000000000000032', NULL, NULL, FALSE, NULL, 'role:view', '角色查看', 'system', '查看角色与权限绑定', '2026-05-02T21:33:17.033Z', '2026-05-02T21:33:17.033Z', NULL, NULL),
  ('01kv7perm000000000000000026', NULL, NULL, FALSE, NULL, 'system-config:create', '配置创建', 'system', '创建系统配置', '2026-05-02T21:33:17.033Z', '2026-05-02T21:33:17.033Z', NULL, NULL),
  ('01kv7perm000000000000000027', NULL, NULL, FALSE, NULL, 'system-config:update', '配置编辑', 'system', '更新系统配置', '2026-05-02T21:33:17.033Z', '2026-05-02T21:33:17.033Z', NULL, NULL),
  ('01kv7perm000000000000000025', NULL, NULL, FALSE, NULL, 'system-config:view', '配置查看', 'system', '查看系统配置', '2026-05-02T21:33:17.033Z', '2026-05-02T21:33:17.033Z', NULL, NULL),
  ('01kv7perm000000000000000003', NULL, NULL, FALSE, NULL, 'user:update', '用户编辑', 'user', '更新用户状态与基础信息', '2026-05-02T21:33:17.033Z', '2026-05-02T21:33:17.033Z', NULL, NULL),
  ('01kv7perm000000000000000002', NULL, NULL, FALSE, NULL, 'user:view', '用户查看', 'user', '查看用户列表与详情', '2026-05-02T21:33:17.033Z', '2026-05-02T21:33:17.033Z', NULL, NULL)
ON CONFLICT DO NOTHING;

INSERT INTO system_roles (id, creator_id, editor_id, is_disabled, remark, code, name, description, status, created_at, updated_at, deleted_at, tenant_id)
VALUES
  ('01kv7role000000000000000002', NULL, NULL, FALSE, NULL, 'operator', '运营人员', '用于日常运营与查看业务数据', 'active', '2026-05-02T21:33:17.033Z', '2026-05-02T21:33:17.033Z', NULL, NULL),
  ('01kv7role000000000000000001', NULL, NULL, FALSE, NULL, 'super_admin', '超级管理员', '拥有后台全部权限', 'active', '2026-05-02T21:33:17.033Z', '2026-05-02T21:33:17.033Z', NULL, NULL)
ON CONFLICT DO NOTHING;

INSERT INTO system_role_permissions (id, creator_id, editor_id, is_disabled, remark, role_id, permission_id, assigned_at, created_at, updated_at, deleted_at, tenant_id)
VALUES
  ('01kv7rp000000000000000000000006', NULL, NULL, FALSE, NULL, '01kv7role000000000000000001', '01kv7perm000000000000000001', '2026-05-02T21:33:17.033Z', '2026-05-02T21:33:17.033Z', '2026-05-02T21:33:17.033Z', NULL, NULL),
  ('01kv7rp000000000000000000000036', NULL, NULL, FALSE, NULL, '01kv7role000000000000000001', '01kv7perm000000000000000002', '2026-05-02T21:33:17.033Z', '2026-05-02T21:33:17.033Z', '2026-05-02T21:33:17.033Z', NULL, NULL),
  ('01kv7rp000000000000000000000035', NULL, NULL, FALSE, NULL, '01kv7role000000000000000001', '01kv7perm000000000000000003', '2026-05-02T21:33:17.033Z', '2026-05-02T21:33:17.033Z', '2026-05-02T21:33:17.033Z', NULL, NULL),
  ('01kv7rp000000000000000000000012', NULL, NULL, FALSE, NULL, '01kv7role000000000000000001', '01kv7perm000000000000000004', '2026-05-02T21:33:17.033Z', '2026-05-02T21:33:17.033Z', '2026-05-02T21:33:17.033Z', NULL, NULL),
  ('01kv7rp000000000000000000000007', NULL, NULL, FALSE, NULL, '01kv7role000000000000000001', '01kv7perm000000000000000005', '2026-05-02T21:33:17.033Z', '2026-05-02T21:33:17.033Z', '2026-05-02T21:33:17.033Z', NULL, NULL),
  ('01kv7rp000000000000000000000011', NULL, NULL, FALSE, NULL, '01kv7role000000000000000001', '01kv7perm000000000000000006', '2026-05-02T21:33:17.033Z', '2026-05-02T21:33:17.033Z', '2026-05-02T21:33:17.033Z', NULL, NULL),
  ('01kv7rp000000000000000000000008', NULL, NULL, FALSE, NULL, '01kv7role000000000000000001', '01kv7perm000000000000000007', '2026-05-02T21:33:17.033Z', '2026-05-02T21:33:17.033Z', '2026-05-02T21:33:17.033Z', NULL, NULL),
  ('01kv7rp000000000000000000000009', NULL, NULL, FALSE, NULL, '01kv7role000000000000000001', '01kv7perm000000000000000008', '2026-05-02T21:33:17.033Z', '2026-05-02T21:33:17.033Z', '2026-05-02T21:33:17.033Z', NULL, NULL),
  ('01kv7rp000000000000000000000010', NULL, NULL, FALSE, NULL, '01kv7role000000000000000001', '01kv7perm000000000000000009', '2026-05-02T21:33:17.033Z', '2026-05-02T21:33:17.033Z', '2026-05-02T21:33:17.033Z', NULL, NULL),
  ('01kv7rp000000000000000000000021', NULL, NULL, FALSE, NULL, '01kv7role000000000000000001', '01kv7perm000000000000000010', '2026-05-02T21:33:17.033Z', '2026-05-02T21:33:17.033Z', '2026-05-02T21:33:17.033Z', NULL, NULL),
  ('01kv7rp000000000000000000000019', NULL, NULL, FALSE, NULL, '01kv7role000000000000000001', '01kv7perm000000000000000011', '2026-05-02T21:33:17.033Z', '2026-05-02T21:33:17.033Z', '2026-05-02T21:33:17.033Z', NULL, NULL),
  ('01kv7rp000000000000000000000017', NULL, NULL, FALSE, NULL, '01kv7role000000000000000001', '01kv7perm000000000000000012', '2026-05-02T21:33:17.033Z', '2026-05-02T21:33:17.033Z', '2026-05-02T21:33:17.033Z', NULL, NULL),
  ('01kv7rp000000000000000000000018', NULL, NULL, FALSE, NULL, '01kv7role000000000000000001', '01kv7perm000000000000000013', '2026-05-02T21:33:17.033Z', '2026-05-02T21:33:17.033Z', '2026-05-02T21:33:17.033Z', NULL, NULL),
  ('01kv7rp000000000000000000000027', NULL, NULL, FALSE, NULL, '01kv7role000000000000000001', '01kv7perm000000000000000014', '2026-05-02T21:33:17.033Z', '2026-05-02T21:33:17.033Z', '2026-05-02T21:33:17.033Z', NULL, NULL),
  ('01kv7rp000000000000000000000020', NULL, NULL, FALSE, NULL, '01kv7role000000000000000001', '01kv7perm000000000000000015', '2026-05-02T21:33:17.033Z', '2026-05-02T21:33:17.033Z', '2026-05-02T21:33:17.033Z', NULL, NULL),
  ('01kv7rp000000000000000000000023', NULL, NULL, FALSE, NULL, '01kv7role000000000000000001', '01kv7perm000000000000000016', '2026-05-02T21:33:17.033Z', '2026-05-02T21:33:17.033Z', '2026-05-02T21:33:17.033Z', NULL, NULL),
  ('01kv7rp000000000000000000000024', NULL, NULL, FALSE, NULL, '01kv7role000000000000000001', '01kv7perm000000000000000017', '2026-05-02T21:33:17.033Z', '2026-05-02T21:33:17.033Z', '2026-05-02T21:33:17.033Z', NULL, NULL),
  ('01kv7rp000000000000000000000025', NULL, NULL, FALSE, NULL, '01kv7role000000000000000001', '01kv7perm000000000000000018', '2026-05-02T21:33:17.033Z', '2026-05-02T21:33:17.033Z', '2026-05-02T21:33:17.033Z', NULL, NULL),
  ('01kv7rp000000000000000000000026', NULL, NULL, FALSE, NULL, '01kv7role000000000000000001', '01kv7perm000000000000000019', '2026-05-02T21:33:17.033Z', '2026-05-02T21:33:17.033Z', '2026-05-02T21:33:17.033Z', NULL, NULL),
  ('01kv7rp000000000000000000000022', NULL, NULL, FALSE, NULL, '01kv7role000000000000000001', '01kv7perm000000000000000020', '2026-05-02T21:33:17.033Z', '2026-05-02T21:33:17.033Z', '2026-05-02T21:33:17.033Z', NULL, NULL),
  ('01kv7rp000000000000000000000016', NULL, NULL, FALSE, NULL, '01kv7role000000000000000001', '01kv7perm000000000000000021', '2026-05-02T21:33:17.033Z', '2026-05-02T21:33:17.033Z', '2026-05-02T21:33:17.033Z', NULL, NULL),
  ('01kv7rp000000000000000000000013', NULL, NULL, FALSE, NULL, '01kv7role000000000000000001', '01kv7perm000000000000000022', '2026-05-02T21:33:17.033Z', '2026-05-02T21:33:17.033Z', '2026-05-02T21:33:17.033Z', NULL, NULL),
  ('01kv7rp000000000000000000000015', NULL, NULL, FALSE, NULL, '01kv7role000000000000000001', '01kv7perm000000000000000023', '2026-05-02T21:33:17.033Z', '2026-05-02T21:33:17.033Z', '2026-05-02T21:33:17.033Z', NULL, NULL),
  ('01kv7rp000000000000000000000014', NULL, NULL, FALSE, NULL, '01kv7role000000000000000001', '01kv7perm000000000000000024', '2026-05-02T21:33:17.033Z', '2026-05-02T21:33:17.033Z', '2026-05-02T21:33:17.033Z', NULL, NULL),
  ('01kv7rp000000000000000000000034', NULL, NULL, FALSE, NULL, '01kv7role000000000000000001', '01kv7perm000000000000000025', '2026-05-02T21:33:17.033Z', '2026-05-02T21:33:17.033Z', '2026-05-02T21:33:17.033Z', NULL, NULL),
  ('01kv7rp000000000000000000000032', NULL, NULL, FALSE, NULL, '01kv7role000000000000000001', '01kv7perm000000000000000026', '2026-05-02T21:33:17.033Z', '2026-05-02T21:33:17.033Z', '2026-05-02T21:33:17.033Z', NULL, NULL),
  ('01kv7rp000000000000000000000033', NULL, NULL, FALSE, NULL, '01kv7role000000000000000001', '01kv7perm000000000000000027', '2026-05-02T21:33:17.033Z', '2026-05-02T21:33:17.033Z', '2026-05-02T21:33:17.033Z', NULL, NULL),
  ('01kv7rp000000000000000000000004', NULL, NULL, FALSE, NULL, '01kv7role000000000000000001', '01kv7perm000000000000000028', '2026-05-02T21:33:17.033Z', '2026-05-02T21:33:17.033Z', '2026-05-02T21:33:17.033Z', NULL, NULL),
  ('01kv7rp000000000000000000000001', NULL, NULL, FALSE, NULL, '01kv7role000000000000000001', '01kv7perm000000000000000029', '2026-05-02T21:33:17.033Z', '2026-05-02T21:33:17.033Z', '2026-05-02T21:33:17.033Z', NULL, NULL),
  ('01kv7rp000000000000000000000003', NULL, NULL, FALSE, NULL, '01kv7role000000000000000001', '01kv7perm000000000000000030', '2026-05-02T21:33:17.033Z', '2026-05-02T21:33:17.033Z', '2026-05-02T21:33:17.033Z', NULL, NULL),
  ('01kv7rp000000000000000000000002', NULL, NULL, FALSE, NULL, '01kv7role000000000000000001', '01kv7perm000000000000000031', '2026-05-02T21:33:17.033Z', '2026-05-02T21:33:17.033Z', '2026-05-02T21:33:17.033Z', NULL, NULL),
  ('01kv7rp000000000000000000000031', NULL, NULL, FALSE, NULL, '01kv7role000000000000000001', '01kv7perm000000000000000032', '2026-05-02T21:33:17.033Z', '2026-05-02T21:33:17.033Z', '2026-05-02T21:33:17.033Z', NULL, NULL),
  ('01kv7rp000000000000000000000028', NULL, NULL, FALSE, NULL, '01kv7role000000000000000001', '01kv7perm000000000000000033', '2026-05-02T21:33:17.033Z', '2026-05-02T21:33:17.033Z', '2026-05-02T21:33:17.033Z', NULL, NULL),
  ('01kv7rp000000000000000000000030', NULL, NULL, FALSE, NULL, '01kv7role000000000000000001', '01kv7perm000000000000000034', '2026-05-02T21:33:17.033Z', '2026-05-02T21:33:17.033Z', '2026-05-02T21:33:17.033Z', NULL, NULL),
  ('01kv7rp000000000000000000000029', NULL, NULL, FALSE, NULL, '01kv7role000000000000000001', '01kv7perm000000000000000035', '2026-05-02T21:33:17.033Z', '2026-05-02T21:33:17.033Z', '2026-05-02T21:33:17.033Z', NULL, NULL),
  ('01kv7rp000000000000000000000005', NULL, NULL, FALSE, NULL, '01kv7role000000000000000001', '01kv7perm000000000000000036', '2026-05-02T21:33:17.033Z', '2026-05-02T21:33:17.033Z', '2026-05-02T21:33:17.033Z', NULL, NULL),
  ('01kv7rp000000000000000000001002', NULL, NULL, FALSE, NULL, '01kv7role000000000000000001', '01kv7perm000000000000000037', '2026-05-02T21:33:17.065Z', '2026-05-02T21:33:17.065Z', '2026-05-02T21:33:17.065Z', NULL, NULL),
  ('01kv7rp000000000000000000001001', NULL, NULL, FALSE, NULL, '01kv7role000000000000000001', '01kv7perm000000000000000038', '2026-05-02T21:33:17.065Z', '2026-05-02T21:33:17.065Z', '2026-05-02T21:33:17.065Z', NULL, NULL)
ON CONFLICT DO NOTHING;

INSERT INTO system_dictionaries (id, creator_id, editor_id, is_disabled, remark, code, name, description, status, created_at, updated_at, deleted_at, tenant_id)
VALUES
  ('01kv7dict00000000000000002', NULL, NULL, FALSE, NULL, 'admin_status', '管理员状态', '后台管理员状态', 'active', '2026-05-02T21:33:17.033Z', '2026-05-02T21:33:17.033Z', NULL, NULL),
  ('01kv7dict00000000000000008', NULL, NULL, FALSE, NULL, 'config_value_type', '配置值类型', '系统配置值类型', 'active', '2026-05-02T21:33:17.033Z', '2026-05-02T21:33:17.033Z', NULL, NULL),
  ('01kv7dict00000000000000003', NULL, NULL, FALSE, NULL, 'device_status', '设备状态', '设备业务状态', 'active', '2026-05-02T21:33:17.033Z', '2026-05-02T21:33:17.033Z', NULL, NULL),
  ('01kv7dict00000000000000007', NULL, NULL, FALSE, NULL, 'iot_message_status', 'IoT消息状态', 'IoT消息处理状态', 'active', '2026-05-02T21:33:17.033Z', '2026-05-02T21:33:17.033Z', NULL, NULL),
  ('01kv7dict00000000000000004', NULL, NULL, FALSE, NULL, 'meal_status', '餐次状态', '餐次处理状态', 'active', '2026-05-02T21:33:17.033Z', '2026-05-02T21:33:17.033Z', NULL, NULL),
  ('01kv7dict00000000000000006', NULL, NULL, FALSE, NULL, 'notification_channel', '通知渠道', '通知发送渠道', 'active', '2026-05-02T21:33:17.033Z', '2026-05-02T21:33:17.033Z', NULL, NULL),
  ('01kv7dict00000000000000005', NULL, NULL, FALSE, NULL, 'recognition_status', '识别状态', '食物识别状态', 'active', '2026-05-02T21:33:17.033Z', '2026-05-02T21:33:17.033Z', NULL, NULL),
  ('01kv7dict00000000000000001', NULL, NULL, FALSE, NULL, 'user_type', '用户类型', '用户端账号类型', 'active', '2026-05-02T21:33:17.033Z', '2026-05-02T21:33:17.033Z', NULL, NULL)
ON CONFLICT DO NOTHING;

INSERT INTO system_dictionary_items (id, creator_id, editor_id, is_disabled, remark, dictionary_code, label, value, sort, status, extra_json, created_at, updated_at, deleted_at, tenant_id)
VALUES
  ('01kv7item00000000000000004', NULL, NULL, FALSE, NULL, 'admin_status', '启用', 'active', 10, 'active', NULL, '2026-05-02T21:33:17.033Z', '2026-05-02T21:33:17.033Z', NULL, NULL),
  ('01kv7item00000000000000023', NULL, NULL, FALSE, NULL, 'config_value_type', '字符串', 'string', 10, 'active', NULL, '2026-05-02T21:33:17.033Z', '2026-05-02T21:33:17.033Z', NULL, NULL),
  ('01kv7item00000000000000006', NULL, NULL, FALSE, NULL, 'device_status', '未激活', 'inactive', 10, 'active', NULL, '2026-05-02T21:33:17.033Z', '2026-05-02T21:33:17.033Z', NULL, NULL),
  ('01kv7item00000000000000019', NULL, NULL, FALSE, NULL, 'iot_message_status', '已接收', 'received', 10, 'active', NULL, '2026-05-02T21:33:17.033Z', '2026-05-02T21:33:17.033Z', NULL, NULL),
  ('01kv7item00000000000000009', NULL, NULL, FALSE, NULL, 'meal_status', '已创建', 'created', 10, 'active', NULL, '2026-05-02T21:33:17.033Z', '2026-05-02T21:33:17.033Z', NULL, NULL),
  ('01kv7item00000000000000015', NULL, NULL, FALSE, NULL, 'notification_channel', '推送', 'push', 10, 'active', NULL, '2026-05-02T21:33:17.033Z', '2026-05-02T21:33:17.033Z', NULL, NULL),
  ('01kv7item00000000000000012', NULL, NULL, FALSE, NULL, 'recognition_status', '成功', 'success', 10, 'active', NULL, '2026-05-02T21:33:17.033Z', '2026-05-02T21:33:17.033Z', NULL, NULL),
  ('01kv7item00000000000000001', NULL, NULL, FALSE, NULL, 'user_type', 'C端用户', '0', 10, 'active', NULL, '2026-05-02T21:33:17.033Z', '2026-05-02T21:33:17.033Z', NULL, NULL),
  ('01kv7item00000000000000005', NULL, NULL, FALSE, NULL, 'admin_status', '禁用', 'disabled', 20, 'active', NULL, '2026-05-02T21:33:17.033Z', '2026-05-02T21:33:17.033Z', NULL, NULL),
  ('01kv7item00000000000000024', NULL, NULL, FALSE, NULL, 'config_value_type', '数字', 'number', 20, 'active', NULL, '2026-05-02T21:33:17.033Z', '2026-05-02T21:33:17.033Z', NULL, NULL),
  ('01kv7item00000000000000007', NULL, NULL, FALSE, NULL, 'device_status', '在线', 'active', 20, 'active', '{"onlineStatus":"online"}'::jsonb, '2026-05-02T21:33:17.033Z', '2026-05-02T21:33:17.033Z', NULL, NULL),
  ('01kv7item00000000000000020', NULL, NULL, FALSE, NULL, 'iot_message_status', '已处理', 'handled', 20, 'active', NULL, '2026-05-02T21:33:17.033Z', '2026-05-02T21:33:17.033Z', NULL, NULL),
  ('01kv7item00000000000000010', NULL, NULL, FALSE, NULL, 'meal_status', '分析中', 'analyzing', 20, 'active', NULL, '2026-05-02T21:33:17.033Z', '2026-05-02T21:33:17.033Z', NULL, NULL),
  ('01kv7item00000000000000016', NULL, NULL, FALSE, NULL, 'notification_channel', '邮件', 'email', 20, 'active', NULL, '2026-05-02T21:33:17.033Z', '2026-05-02T21:33:17.033Z', NULL, NULL),
  ('01kv7item00000000000000013', NULL, NULL, FALSE, NULL, 'recognition_status', '兜底', 'fallback', 20, 'active', NULL, '2026-05-02T21:33:17.033Z', '2026-05-02T21:33:17.033Z', NULL, NULL),
  ('01kv7item00000000000000002', NULL, NULL, FALSE, NULL, 'user_type', '内部账号', '1', 20, 'active', NULL, '2026-05-02T21:33:17.033Z', '2026-05-02T21:33:17.033Z', NULL, NULL),
  ('01kv7item00000000000000025', NULL, NULL, FALSE, NULL, 'config_value_type', '布尔值', 'boolean', 30, 'active', NULL, '2026-05-02T21:33:17.033Z', '2026-05-02T21:33:17.033Z', NULL, NULL),
  ('01kv7item00000000000000008', NULL, NULL, FALSE, NULL, 'device_status', '停用', 'disabled', 30, 'active', NULL, '2026-05-02T21:33:17.033Z', '2026-05-02T21:33:17.033Z', NULL, NULL),
  ('01kv7item00000000000000021', NULL, NULL, FALSE, NULL, 'iot_message_status', '已跳过', 'skipped', 30, 'active', NULL, '2026-05-02T21:33:17.033Z', '2026-05-02T21:33:17.033Z', NULL, NULL),
  ('01kv7item00000000000000011', NULL, NULL, FALSE, NULL, 'meal_status', '已完成', 'completed', 30, 'active', NULL, '2026-05-02T21:33:17.033Z', '2026-05-02T21:33:17.033Z', NULL, NULL),
  ('01kv7item00000000000000017', NULL, NULL, FALSE, NULL, 'notification_channel', '短信', 'sms', 30, 'active', NULL, '2026-05-02T21:33:17.033Z', '2026-05-02T21:33:17.033Z', NULL, NULL),
  ('01kv7item00000000000000014', NULL, NULL, FALSE, NULL, 'recognition_status', '已确认', 'confirmed', 30, 'active', NULL, '2026-05-02T21:33:17.033Z', '2026-05-02T21:33:17.033Z', NULL, NULL),
  ('01kv7item00000000000000003', NULL, NULL, FALSE, NULL, 'user_type', '合作伙伴', '2', 30, 'active', NULL, '2026-05-02T21:33:17.033Z', '2026-05-02T21:33:17.033Z', NULL, NULL),
  ('01kv7item00000000000000026', NULL, NULL, FALSE, NULL, 'config_value_type', 'JSON', 'json', 40, 'active', NULL, '2026-05-02T21:33:17.033Z', '2026-05-02T21:33:17.033Z', NULL, NULL),
  ('01kv7item00000000000000022', NULL, NULL, FALSE, NULL, 'iot_message_status', '失败', 'failed', 40, 'active', NULL, '2026-05-02T21:33:17.033Z', '2026-05-02T21:33:17.033Z', NULL, NULL),
  ('01kv7item00000000000000018', NULL, NULL, FALSE, NULL, 'notification_channel', 'Webhook', 'webhook', 40, 'active', NULL, '2026-05-02T21:33:17.033Z', '2026-05-02T21:33:17.033Z', NULL, NULL)
ON CONFLICT DO NOTHING;

INSERT INTO system_configs (id, creator_id, editor_id, is_disabled, remark, config_key, config_value, value_type, group_code, name, description, is_encrypted, status, created_at, updated_at, deleted_at, tenant_id)
VALUES
  ('01kv7cfg000000000000000001', NULL, NULL, FALSE, NULL, 'device.heartbeat_timeout_seconds', '300', 'number', 'device', '设备心跳超时阈值', '设备离线判定阈值，单位秒', FALSE, 'active', '2026-05-02T21:33:17.033Z', '2026-05-02T21:33:17.033Z', NULL, NULL),
  ('01kv7cfg000000000000000004', NULL, NULL, FALSE, NULL, 'diet.fallback_enabled', 'true', 'boolean', 'diet', '营养兜底开关', '识别失败后是否启用估算兜底', FALSE, 'active', '2026-05-02T21:33:17.033Z', '2026-05-02T21:33:17.033Z', NULL, NULL),
  ('01kv7cfg000000000000000003', NULL, NULL, FALSE, NULL, 'diet.tmp_prefix_rule', 'tmp-file/device/{deviceId}/{filename}', 'string', 'diet', '设备临时文件前缀规则', '设备端上传临时文件前缀约定', FALSE, 'active', '2026-05-02T21:33:17.033Z', '2026-05-02T21:33:17.033Z', NULL, NULL),
  ('01kv7cfg000000000000000002', NULL, NULL, FALSE, NULL, 'upload.max_file_size_mb', '20', 'number', 'storage', '单文件上传大小限制', '上传文件大小上限，单位MB', FALSE, 'active', '2026-05-02T21:33:17.033Z', '2026-05-02T21:33:17.033Z', NULL, NULL)
ON CONFLICT DO NOTHING;

INSERT INTO notification_templates (id, creator_id, editor_id, is_disabled, remark, code, channel, locale, title_template, content_template, variables_schema, is_enabled, created_at, updated_at, deleted_at, tenant_id)
VALUES
  ('01kv7tmpl0000000000000003', NULL, NULL, FALSE, NULL, 'admin_test', 'push', 'zh-CN', '测试通知', '{{message}}', '{"message":{"type":"string"}}'::jsonb, TRUE, '2026-05-02T21:33:17.033Z', '2026-05-02T21:33:17.033Z', NULL, NULL),
  ('01kv7tmpl0000000000000002', NULL, NULL, FALSE, NULL, 'otp_email', 'email', 'zh-CN', '邮箱验证码', '您的验证码是 {{otpCode}}', '{"otpCode":{"type":"string"}}'::jsonb, TRUE, '2026-05-02T21:33:17.033Z', '2026-05-02T21:33:17.033Z', NULL, NULL),
  ('01kv7tmpl0000000000000001', NULL, NULL, FALSE, NULL, 'otp_sms', 'sms', 'zh-CN', '短信验证码', '您的验证码是 {{otpCode}}', '{"otpCode":{"type":"string"}}'::jsonb, TRUE, '2026-05-02T21:33:17.033Z', '2026-05-02T21:33:17.033Z', NULL, NULL)
ON CONFLICT DO NOTHING;

INSERT INTO system_admins (id, creator_id, editor_id, is_disabled, remark, username, password_hash, nickname, email, phone, status, last_login_at, created_at, updated_at, deleted_at, tenant_id)
VALUES
  ('01kv7admin0000000000000001', NULL, NULL, FALSE, NULL, 'admin', 'scrypt$lumimax-dev-admin$d9147f29fa1c492977126355753d70ef9b2ffcebbe7cb2fc8d5509ec481cd273e3d3e2028c451d62303762350f4c5ee2aaa5e0e4e98cac51a2dfbc50a646bfb4', '系统管理员', 'admin@lumimax.local', NULL, 'active', NULL, '2026-05-02T21:33:17.033Z', '2026-05-02T21:33:17.033Z', NULL, NULL)
ON CONFLICT DO NOTHING;

INSERT INTO system_admin_roles (id, creator_id, editor_id, is_disabled, remark, admin_id, role_id, assigned_at, created_at, updated_at, deleted_at, tenant_id)
VALUES
  ('01kv7ar000000000000000001', NULL, NULL, FALSE, NULL, '01kv7admin0000000000000001', '01kv7role000000000000000001', '2026-05-02T21:33:17.033Z', '2026-05-02T21:33:17.033Z', '2026-05-02T21:33:17.033Z', NULL, NULL)
ON CONFLICT DO NOTHING;

INSERT INTO system_role_menus (id, creator_id, editor_id, is_disabled, remark, role_id, menu_id, assigned_at, created_at, updated_at, deleted_at, tenant_id)
VALUES
  ('01kv7rm000000000000000000001', NULL, NULL, FALSE, NULL, '01kv7role000000000000000001', '01kv7menu000000000000000001', '2026-05-02T21:33:17.033Z', '2026-05-02T21:33:17.033Z', '2026-05-02T21:33:17.033Z', NULL, NULL),
  ('01kv7rm000000000000000000002', NULL, NULL, FALSE, NULL, '01kv7role000000000000000001', '01kv7menu000000000000000002', '2026-05-02T21:33:17.033Z', '2026-05-02T21:33:17.033Z', '2026-05-02T21:33:17.033Z', NULL, NULL),
  ('01kv7rm000000000000000000003', NULL, NULL, FALSE, NULL, '01kv7role000000000000000001', '01kv7menu000000000000000003', '2026-05-02T21:33:17.033Z', '2026-05-02T21:33:17.033Z', '2026-05-02T21:33:17.033Z', NULL, NULL),
  ('01kv7rm000000000000000000004', NULL, NULL, FALSE, NULL, '01kv7role000000000000000001', '01kv7menu000000000000000004', '2026-05-02T21:33:17.033Z', '2026-05-02T21:33:17.033Z', '2026-05-02T21:33:17.033Z', NULL, NULL),
  ('01kv7rm000000000000000000005', NULL, NULL, FALSE, NULL, '01kv7role000000000000000001', '01kv7menu000000000000000005', '2026-05-02T21:33:17.033Z', '2026-05-02T21:33:17.033Z', '2026-05-02T21:33:17.033Z', NULL, NULL),
  ('01kv7rm000000000000000000006', NULL, NULL, FALSE, NULL, '01kv7role000000000000000001', '01kv7menu000000000000000006', '2026-05-02T21:33:17.033Z', '2026-05-02T21:33:17.033Z', '2026-05-02T21:33:17.033Z', NULL, NULL),
  ('01kv7rm000000000000000000007', NULL, NULL, FALSE, NULL, '01kv7role000000000000000001', '01kv7menu000000000000000007', '2026-05-02T21:33:17.033Z', '2026-05-02T21:33:17.033Z', '2026-05-02T21:33:17.033Z', NULL, NULL),
  ('01kv7rm000000000000000000008', NULL, NULL, FALSE, NULL, '01kv7role000000000000000001', '01kv7menu000000000000000008', '2026-05-02T21:33:17.033Z', '2026-05-02T21:33:17.033Z', '2026-05-02T21:33:17.033Z', NULL, NULL),
  ('01kv7rm000000000000000000009', NULL, NULL, FALSE, NULL, '01kv7role000000000000000001', '01kv7menu000000000000000009', '2026-05-02T21:33:17.033Z', '2026-05-02T21:33:17.033Z', '2026-05-02T21:33:17.033Z', NULL, NULL),
  ('01kv7rm000000000000000000010', NULL, NULL, FALSE, NULL, '01kv7role000000000000000001', '01kv7menu000000000000000010', '2026-05-02T21:33:17.033Z', '2026-05-02T21:33:17.033Z', '2026-05-02T21:33:17.033Z', NULL, NULL),
  ('01kv7rm000000000000000000011', NULL, NULL, FALSE, NULL, '01kv7role000000000000000001', '01kv7menu000000000000000011', '2026-05-02T21:33:17.033Z', '2026-05-02T21:33:17.033Z', '2026-05-02T21:33:17.033Z', NULL, NULL),
  ('01kv7rm000000000000000000012', NULL, NULL, FALSE, NULL, '01kv7role000000000000000001', '01kv7menu000000000000000012', '2026-05-02T21:33:17.033Z', '2026-05-02T21:33:17.033Z', '2026-05-02T21:33:17.033Z', NULL, NULL),
  ('01kv7rm000000000000000000013', NULL, NULL, FALSE, NULL, '01kv7role000000000000000001', '01kv7menu000000000000000013', '2026-05-02T21:33:17.033Z', '2026-05-02T21:33:17.033Z', '2026-05-02T21:33:17.033Z', NULL, NULL),
  ('01kv7rm000000000000000000014', NULL, NULL, FALSE, NULL, '01kv7role000000000000000001', '01kv7menu000000000000000014', '2026-05-02T21:33:17.033Z', '2026-05-02T21:33:17.033Z', '2026-05-02T21:33:17.033Z', NULL, NULL),
  ('01kv7rm000000000000000000015', NULL, NULL, FALSE, NULL, '01kv7role000000000000000001', '01kv7menu000000000000000015', '2026-05-02T21:33:17.033Z', '2026-05-02T21:33:17.033Z', '2026-05-02T21:33:17.033Z', NULL, NULL),
  ('01kv7rm000000000000000000016', NULL, NULL, FALSE, NULL, '01kv7role000000000000000001', '01kv7menu000000000000000016', '2026-05-02T21:33:17.033Z', '2026-05-02T21:33:17.033Z', '2026-05-02T21:33:17.033Z', NULL, NULL)
ON CONFLICT DO NOTHING;

COMMIT;
